Offset,Variable,Comments
,,
GObj,Length 0x38,"This is the same entity structure used by players, objects, and items"
0x00,Entity Class,Short.
0x02,p_link,Byte.
0x03,gx_link,Byte.
0x04,p_priority,Byte.
0x05,gx_priority,Byte.
0x06,obj_kind,Byte. Set to 0xFF for NO REF.
0x07,data_kind,Byte. Set to 0xFF for NO REF.
0x08,Next GObj data pointer,Pointer.
0x0C,Previous GObj data pointer,Pointer.
0x10,Next GObj data pointer - GX Ordered,Pointer.
0x14,Previous GObj data pointer - GX Ordered,Pointer.
0x18,Pointer to GObjProc,
0x1C,GXCallback Render Function,"Always seems to be 0x80080E18(entity_t*, int code) for players and 0x8026EECC for items, called each frame"
0x20,Render Priorities,64-bit bitmask. Only valid for a CObj referencing GObj. Each bit determines which priority level is rendered by that camera.
0x28,Pointer to HSD Object,"Typically CObj, JObj, LObj, or Fog"
0x2C,Pointer to Entity Data,
0x30,Pointer to Destructor Function,"Always 0x8006DABC for players. 0x8026AE10 for Blaster, possibly same for other items."
0x34,Unk Linked List,
,,
GObjProc,,
0x00,Parent,Pointer
0x04,Next,Pointer
0x08,Prev,Pointer
0x0C,s_link,Byte
0x0D,Flags,Byte
0x10,Parent GObj,
0x14,Proc Function,
,,
Camera Struct,,Typically found at 80452C68
0x00,Pointer to Entity Struct,
0x04,Camera Type,"Int. Index used by 803BCB18. 0 = Normal, 1 = Pause, 2 = One Player View (Off-Center), 3 = One Player View (Centered), 4 = Fixed, 5 = Crazy, 6 = Demo, 8 = Developer Locked"
0x08,Background Color,Byte. First 6 bits are hex color code
0x0C,View Distance?,Float
0x10,Distance to Background?,Float
0x14,Pan Angle,"Float. + = Right, - = Left."
0x18,Tilt Angle,"Float. + = Up, - = Down."
0x1C,Tilt Angle 2?,"Float. Only seems to tilt downward. Setting it causes the camera to jump to P1, if unpaused"
0x2C,Pan Around Point Angle?,Float
0x30,Tilt Around Point Angle?,Float
0x34,Depth,Float. + = Further Away
0x3C,Tilt Around Point Angle (Repeated),Float.
0x40,Depth (Repeated),Float. Upper Limit set by Stage Data.
0x44,Field of View,Float
0x84,X Translation,"Float. + = Right, - = Left."
0x88,Y Translation,"Float. + = Up, - = Down."
0x3D8,Tracking X-Coordinate,Float
0x3DC,Tracking Y-Coordinate,Float
0x3E0,Tracking Z-Coordinate,Float
0x3E4,Type 8: X-Coordinate,Float.
0x3E8,Type 8: Y-Coordinate,Float.
0x3EC,Type 8: Z-Coordinate,Float.
,,
Item Data Struct,Length 0x1000,
0x00,Pointer to Next Entity Struct,
0x04,Pointer to Entity Struct,
0x08,???,0x08 & 0x0C are either flags or garbage. Only set after something expires it seems.
0x0C,???,
0x10,Item Type,
0x14,Item Sub Type,0x08 = Player Spawned? 0x4 = Game Spawned?
0x1C,Item Spawn Count,
0x20,???,"Possibly flags. Seems to be set when an item has expired, like a laser."
0x28,State Index,"0 = On Ground, 2 = Held, 3 = Airborne (This index is used for 0xBC function pointers)"
0x2C,Direction,Float. -1 to 1
0x30,Direction (Repeated?),Float.
0x34,Projectile spin (amount per frame),"Float. 0.0 for Fox's Laser, 200.0 for Mario's Fireball and Link's bomb. Projectiles don't spin when set to 0. Setting 200 results in rotation of about 0.523599 radians (30 degrees) per frame. Didn't bother checking how this float is actually converted to radians. The check for this value occurs in zz_0274658"
0x38,Scale,Float. 1 to 0.85 generally for things like Fox's Laser
0x40,X Velocity,
0x44,Y Velocity,
0x48,Z Velocity?,
0x4C,X Position,
0x50,Y Position,
0x54,Z Position?,
0xB0,Direction (Repeated?),
0xB8,Pointer to Static Item Data,Points to various function pointers related to the item
0xBC,Pointer to More Static Item Data,
0xC4,Pointer to a bunch of pointers in .dat,0x4 at this offset related to shyguy on hit attributes as well as Samus Charge Shot hitbox info
0xCC,Pointer to Projectile Attributes in .dat,
0x378,Start of Physics Struct,"4 Sets of XYZ, as seen in Char Data"
0x518,"Pointer to ""Owner"" Character Data",Does not change after item is thrown
0x574,rrggbbaa,Set based on the following 4 Floats
0x578,Red,Float. 0 - 255
0x57C,Green,Float. 0 - 255
0x580,Blue,Float. 0 - 255
0x584,Alpha,"Float. 0 - 255 (255 = item is 100% of color, 0 = no color change)"
0x588,Red Blink Rate,Float
0x58C,Blue Blink Rate,Float
0x590,Green Blink Rate,Float
0x594,Alpha Blink Rate,Float
0x5C4,Enable Color,0x80 to Apply Color (Melee uses 0x91 according to similar Char Data)
0xCA0,Immediate Damage Taken?,Float
0xC30,Hit Environment Flag,codeline 8026da54 writes to this for energy based projectiles
0xC34,Hit Hurtbox Flag?,codeline 80270b90 for projectile vs projectile and 80078114 for projectile vs player
0xC48,,
0xC4C,,
0xC64,Hit Reflect Box Flag?,was 02 on reflect
0xC90,,
0xC9C,Total Damage Taken,Float
0xCF4,Pointer to Player Hit,
0xD44,Time till Expiration,"Float, set by 8027515c"
0xD48,Half of Time til Expiration,"Float, set by 8027516c"
0xDD4,,
0xDDC,GObj pointer,
0xDEC,Misc Flags/Timers?,Used to know which stage samus' charge shot is in (0-7)
0xDF4,Misc Flags/Timers?,Used to count how many times tingle dances before flying away / how may frames before spawning tingle
0xE00,"Pointer to ""Owner"" Static Player Block",
0xE0C,Velocity to add/subtract?,
0xE38,??? Flag,Byte. Used in Destroy/Heal function of Maxim Tomato
0xE3C,??? Offset,Added to 0x80473A18 for (0x80473A18 + Offset) + 0x90 = 0
,,
Static Item Table Struct,,
0x00,,
0x04,,
0x08,,
0x0C,,
0x10,,
0x14,,
0x18,Pointer to Should Item Be Destroyed Function?,
,,
,,
Item Function Table Struct,Length 0x3C,
0x00,Pointer to Statedata,This list of pointers for all items is just above the start of the Item Function Table
0x04,OnCreate (item_t*),
0x08,OnDestroy (item_t*),"Not always used, but can be seen with items like the Box or acts as the Heal function for healing items"
0x0C,OnPickup (item_t*),
0x10,OnRelease(item_t*),This is your R+A throw away
0x14,OnThrow (item_t*),
0x18,OnHitCollision(item_t*),"Functionally, this is actually a collision check, since it occurs multiple times before hits are actually registered. If this function returns 1, the item is 'instant on touch'"
0x1C,OnTakeDamage(item_t*),"For Mr. Saturn, this only occurs when it collides with another Mr. Saturn"
0x20,"OnFallOffEdge (item_t *, item->item_data->0xB8)",
0x24,,
0x28,,
0x2C,0x00000000,
0x30,,
0x34,,
0x38,,
0x3C,,
,,
Spawn Item Struct,Length 0x58?,Used for the SpawnEntity function
0x00,Pointer to Player Entity,Not always applicable. Used for characters like Peach
0x04,Pointer to creator GOBJ,
0x08,Item Type Index,
0x0C,Sub Type?,
0x10,Unk Pointer,Set to 0 by SpawnEntity; is never read. May be leftover garbage from the stack.
0x14,X (Horizontal) Position,Float
0x18,Y (Vertical) Position,Float
0x1C,Z (Depth) Position,Float
0x20,X Position (Repeated),Float
0x24,Y Position (Repeated),Float
0x28,Z Position (Repeated),Float
0x2C,X Velocity,Float
0x30,Y Velocity,Float
0x34,Z Velocity,Float
0x38,Angular Velocity,Float. 1 or -1
0x44,0x80000000,
0x48,"""Is Spawned"" Flag",Set to 1 by SpawnItem
0x50,Pointer to Player Article Floating Points,Used by Fox's Laser and presumably anything else modified by Article FP
0x54,Pointer to Player Character Data,
,,
Spawn Player Struct,,
0x00,Possible Length 0xC,Int
0x05,Player Slot,Byte
0x06,Unknown,Byte. Generally 0xFF
0x07,Flags,"Byte. 0x2A = Normal, 0x80 = Nana, 0x00 = Player Clone, 0x29 = Multi-Man Fight"
